date,pollution,dew,temp,press,wnd_spd,snow,column 8
2014-09-18 16:00:00,11,6,28.0,1017.0,8.05,0,
2014-09-18 17:00:00,11,7,26.0,1016.0,9.84,0,
2014-09-18 18:00:00,15,7,24.0,1016.0,11.63,0,
2014-09-18 19:00:00,0,9,21.0,1016.0,13.42,0,
2014-09-18 20:00:00,12,9,19.0,1017.0,15.21,0,
2014-09-18 21:00:00,1,9,19.0,1017.0,17.0,0,
2014-09-18 22:00:00,20,9,21.0,1017.0,20.13,0,
2014-09-18 23:00:00,17,10,21.0,1017.0,23.26,0,
2014-09-19 00:00:00,2,12,15.0,1016.0,25.05,0,
2014-09-19 01:00:00,9,12,15.0,1016.0,25.94,0,
2014-09-19 02:00:00,17,11,14.0,1015.0,0.89,0,
2014-09-19 03:00:00,12,11,13.0,1015.0,0.89,0,
2014-09-19 04:00:00,7,11,13.0,1014.0,1.79,0,
2014-09-19 05:00:00,6,10,12.0,1014.0,2.68,0,
2014-09-19 06:00:00,11,11,13.0,1014.0,3.57,0,
2014-09-19 07:00:00,19,11,14.0,1015.0,4.46,0,
2014-09-19 08:00:00,6,13,16.0,1014.0,1.79,0,
2014-09-19 09:00:00,6,15,18.0,1014.0,3.58,0,
2014-09-19 10:00:00,15,15,20.0,1014.0,5.37,0,
2014-09-19 11:00:00,13,15,21.0,1013.0,1.79,0,
2014-09-19 12:00:00,17,14,24.0,1012.0,4.92,0,
2014-09-19 13:00:00,17,14,24.0,1011.0,3.13,0,
2014-09-19 14:00:00,5,14,24.0,1010.0,6.26,0,
2014-09-19 15:00:00,4,14,25.0,1009.0,10.28,0,
2014-09-19 16:00:00,14,15,24.0,1009.0,14.3,0,
2014-09-19 17:00:00,15,14,24.0,1009.0,16.09,0,
2014-09-19 18:00:00,2,15,23.0,1010.0,3.13,0,
2014-09-19 19:00:00,7,17,19.0,1010.0,3.13,0,
2014-09-19 20:00:00,19,17,19.0,1010.0,1.79,0,
2014-09-19 21:00:00,1,17,19.0,1011.0,0.89,0,
2014-09-19 22:00:00,16,17,18.0,1011.0,1.78,0,
2014-09-19 23:00:00,12,16,18.0,1010.0,1.79,0,
2014-09-20 00:00:00,10,16,18.0,1010.0,0.89,0,
2014-09-20 01:00:00,15,16,18.0,1010.0,0.89,0,
2014-09-20 02:00:00,2,17,18.0,1010.0,0.89,0,
2014-09-20 03:00:00,3,17,18.0,1009.0,1.78,0,
2014-09-20 04:00:00,7,17,18.0,1009.0,2.23,0,
2014-09-20 05:00:00,15,16,17.0,1009.0,2.68,0,
2014-09-20 06:00:00,13,16,17.0,1010.0,3.13,0,
2014-09-20 07:00:00,18,16,17.0,1010.0,0.45,0,
2014-09-20 08:00:00,2,17,19.0,1011.0,1.79,0,
2014-09-20 09:00:00,10,17,20.0,1011.0,3.58,0,
2014-09-20 10:00:00,8,17,22.0,1011.0,0.89,0,
2014-09-20 11:00:00,8,18,23.0,1011.0,2.68,0,
2014-09-20 12:00:00,6,16,24.0,1010.0,3.57,0,
2014-09-20 13:00:00,13,17,26.0,1010.0,4.46,0,
2014-09-20 14:00:00,4,16,27.0,1009.0,1.79,0,
2014-09-20 15:00:00,1,16,27.0,1008.0,1.79,0,
2014-09-20 16:00:00,12,14,27.0,1008.0,2.68,0,
2014-09-20 17:00:00,12,14,26.0,1008.0,1.79,0,
2014-09-20 18:00:00,18,16,23.0,1009.0,0.89,0,
2014-09-20 19:00:00,18,16,22.0,1010.0,1.79,0,
2014-09-20 20:00:00,2,17,20.0,1011.0,0.89,0,
2014-09-20 21:00:00,8,17,19.0,1012.0,1.79,0,
2014-09-20 22:00:00,6,18,20.0,1012.0,3.58,0,
2014-09-20 23:00:00,9,18,20.0,1013.0,5.37,0,
2014-09-21 00:00:00,16,15,21.0,1014.0,10.29,0,
2014-09-21 01:00:00,4,14,20.0,1014.0,15.21,0,
2014-09-21 02:00:00,6,14,20.0,1015.0,18.34,0,
2014-09-21 03:00:00,15,14,19.0,1015.0,0.89,0,
2014-09-21 04:00:00,11,14,19.0,1016.0,1.78,0,
2014-09-21 05:00:00,12,14,19.0,1016.0,2.67,0,
2014-09-21 06:00:00,4,13,18.0,1017.0,0.89,0,
2014-09-21 07:00:00,13,14,19.0,1017.0,0.89,0,
2014-09-21 08:00:00,6,14,19.0,1018.0,1.79,0,
2014-09-21 09:00:00,0,14,20.0,1018.0,0.89,0,
2014-09-21 10:00:00,0,14,21.0,1019.0,1.78,0,
2014-09-21 11:00:00,0,12,22.0,1018.0,1.79,0,
2014-09-21 12:00:00,16,14,23.0,1018.0,3.58,0,
2014-09-21 13:00:00,14,14,24.0,1017.0,5.37,0,
2014-09-21 14:00:00,9,16,24.0,1017.0,7.16,0,
2014-09-21 15:00:00,0,17,25.0,1016.0,8.95,0,
2014-09-21 16:00:00,6,16,25.0,1016.0,12.08,0,
2014-09-21 17:00:00,17,16,24.0,1016.0,15.21,0,
2014-09-21 18:00:00,10,17,23.0,1016.0,18.34,0,
2014-09-21 19:00:00,14,17,21.0,1017.0,20.13,0,
2014-09-21 20:00:00,15,17,20.0,1018.0,21.92,0,
2014-09-21 21:00:00,7,18,21.0,1018.0,25.05,0,
2014-09-21 22:00:00,14,17,21.0,1018.0,28.18,0,
2014-09-21 23:00:00,9,17,21.0,1019.0,29.97,0,
2014-09-22 00:00:00,9,16,21.0,1019.0,33.1,0,
2014-09-22 01:00:00,2,17,20.0,1019.0,0.89,0,
2014-09-22 02:00:00,0,17,20.0,1019.0,1.78,0,
2014-09-22 03:00:00,14,17,20.0,1019.0,1.79,0,
2014-09-22 04:00:00,13,16,20.0,1019.0,3.58,0,
2014-09-22 05:00:00,16,16,20.0,1018.0,5.37,0,
2014-09-22 06:00:00,7,16,20.0,1019.0,0.89,0,
2014-09-22 07:00:00,10,16,20.0,1019.0,1.78,0,
2014-09-22 08:00:00,10,16,20.0,1019.0,2.67,0,
2014-09-22 09:00:00,9,17,20.0,1020.0,1.79,0,
2014-09-22 10:00:00,12,17,21.0,1020.0,1.79,0,
2014-09-22 11:00:00,17,17,21.0,1019.0,3.58,0,
2014-09-22 12:00:00,19,17,21.0,1019.0,5.37,0,
2014-09-22 13:00:00,20,17,21.0,1018.0,7.16,0,
2014-09-22 14:00:00,0,17,21.0,1017.0,8.95,0,
2014-09-22 15:00:00,18,17,21.0,1017.0,10.74,0,
2014-09-22 16:00:00,20,17,21.0,1016.0,11.63,0,
2014-09-22 17:00:00,8,18,20.0,1017.0,1.79,0,
2014-09-22 18:00:00,2,18,20.0,1017.0,3.58,0,
2014-09-22 19:00:00,0,18,20.0,1018.0,1.79,0,
2014-09-22 20:00:00,5,18,19.0,1018.0,4.02,0,
2014-09-22 21:00:00,14,18,19.0,1018.0,7.15,0,
2014-09-22 22:00:00,10,18,19.0,1018.0,10.28,0,
2014-09-22 23:00:00,19,18,19.0,1018.0,0.89,0,
2014-09-23 00:00:00,11,18,19.0,1018.0,1.79,0,
2014-09-23 01:00:00,14,18,19.0,1018.0,3.58,0,
2014-09-23 02:00:00,8,18,19.0,1018.0,0.89,0,
2014-09-23 03:00:00,15,18,19.0,1017.0,4.02,0,
2014-09-23 04:00:00,15,18,19.0,1017.0,7.15,0,
2014-09-23 05:00:00,8,18,18.0,1017.0,8.94,0,
2014-09-23 06:00:00,9,18,18.0,1018.0,10.73,0,
2014-09-23 07:00:00,7,18,18.0,1018.0,12.52,0,
2014-09-23 08:00:00,3,17,18.0,1018.0,15.65,0,
2014-09-23 09:00:00,5,16,18.0,1019.0,18.78,0,
2014-09-23 10:00:00,17,17,18.0,1019.0,21.91,0,
2014-09-23 11:00:00,3,16,18.0,1018.0,4.02,0,
2014-09-23 12:00:00,5,16,18.0,1018.0,4.02,0,
2014-09-23 13:00:00,6,16,18.0,1018.0,3.13,0,
2014-09-23 14:00:00,18,16,18.0,1017.0,0.89,0,
2014-09-23 15:00:00,4,17,18.0,1017.0,1.78,0,
2014-09-23 16:00:00,5,17,18.0,1016.0,2.23,0,
2014-09-23 17:00:00,16,17,18.0,1016.0,1.79,0,
2014-09-23 18:00:00,18,17,18.0,1016.0,0.89,0,
2014-09-23 19:00:00,4,18,18.0,1016.0,1.78,0,
2014-09-23 20:00:00,3,17,17.0,1016.0,1.79,0,
2014-09-23 21:00:00,13,17,17.0,1017.0,2.68,0,
2014-09-23 22:00:00,14,16,17.0,1016.0,4.47,0,
2014-09-23 23:00:00,5,16,17.0,1017.0,1.79,0,
2014-09-24 00:00:00,0,16,17.0,1017.0,0.89,0,
2014-09-24 01:00:00,19,16,17.0,1017.0,1.79,0,
2014-09-24 02:00:00,19,16,17.0,1017.0,3.58,0,
2014-09-24 03:00:00,5,16,17.0,1016.0,5.37,0,
2014-09-24 04:00:00,1,16,16.0,1016.0,7.16,0,
2014-09-24 05:00:00,8,16,17.0,1016.0,0.89,0,
2014-09-24 06:00:00,10,16,17.0,1016.0,0.89,0,
2014-09-24 07:00:00,10,17,17.0,1017.0,1.79,0,
2014-09-24 08:00:00,7,16,17.0,1017.0,4.92,0,
2014-09-24 09:00:00,2,16,20.0,1018.0,8.05,0,
2014-09-24 10:00:00,20,17,22.0,1018.0,1.79,0,
2014-09-24 11:00:00,0,16,22.0,1017.0,1.79,0,
2014-09-24 12:00:00,2,15,24.0,1016.0,1.79,0,
2014-09-24 13:00:00,15,14,24.0,1016.0,2.68,0,
2014-09-24 14:00:00,3,14,25.0,1015.0,3.57,0,
2014-09-24 15:00:00,0,14,25.0,1014.0,1.79,0,
2014-09-24 16:00:00,9,13,26.0,1014.0,1.79,0,
2014-09-24 17:00:00,10,15,24.0,1014.0,4.02,0,
2014-09-24 18:00:00,6,15,22.0,1015.0,8.04,0,
2014-09-24 19:00:00,9,16,21.0,1015.0,11.17,0,
2014-09-24 20:00:00,2,16,20.0,1016.0,12.96,0,
2014-09-24 21:00:00,15,16,19.0,1016.0,14.75,0,
2014-09-24 22:00:00,4,16,17.0,1017.0,15.64,0,
2014-09-24 23:00:00,11,16,17.0,1017.0,0.89,0,
2014-09-25 00:00:00,9,15,17.0,1017.0,1.79,0,
2014-09-25 01:00:00,19,16,17.0,1017.0,3.58,0,
2014-09-25 02:00:00,18,15,16.0,1017.0,4.47,0,
2014-09-25 03:00:00,12,15,15.0,1017.0,0.89,0,
2014-09-25 04:00:00,0,15,15.0,1017.0,1.34,0,
2014-09-25 05:00:00,15,14,14.0,1017.0,0.89,0,
2014-09-25 06:00:00,5,15,16.0,1017.0,0.45,0,
2014-09-25 07:00:00,4,16,16.0,1018.0,1.34,0,
2014-09-25 08:00:00,15,17,17.0,1018.0,0.89,0,
2014-09-25 09:00:00,10,17,18.0,1019.0,2.68,0,
2014-09-25 10:00:00,11,17,19.0,1019.0,0.89,0,
2014-09-25 11:00:00,17,17,20.0,1018.0,1.79,0,
2014-09-25 12:00:00,13,17,20.0,1018.0,3.58,0,
2014-09-25 13:00:00,10,17,21.0,1017.0,6.71,0,
2014-09-25 14:00:00,8,17,21.0,1016.0,9.84,0,
2014-09-25 15:00:00,17,17,22.0,1016.0,1.79,0,
2014-09-25 16:00:00,16,17,21.0,1015.0,1.79,0,
2014-09-25 17:00:00,15,17,21.0,1014.0,3.58,0,
2014-09-25 18:00:00,0,18,20.0,1014.0,4.47,0,
2014-09-25 19:00:00,14,17,20.0,1014.0,6.26,0,
2014-09-25 20:00:00,12,17,19.0,1014.0,0.89,0,
2014-09-25 21:00:00,2,17,19.0,1014.0,1.79,0,
2014-09-25 22:00:00,17,17,19.0,1014.0,4.92,0,
2014-09-25 23:00:00,14,16,19.0,1014.0,8.05,0,
2014-09-26 00:00:00,5,16,19.0,1014.0,9.84,0,
2014-09-26 01:00:00,12,16,18.0,1014.0,11.63,0,
2014-09-26 02:00:00,0,16,18.0,1013.0,15.65,0,
2014-09-26 03:00:00,18,16,18.0,1013.0,0.89,0,
2014-09-26 04:00:00,9,16,18.0,1013.0,1.79,0,
2014-09-26 05:00:00,15,16,17.0,1012.0,3.58,0,
2014-09-26 06:00:00,2,16,17.0,1011.0,7.6,0,
2014-09-26 07:00:00,10,16,17.0,1012.0,9.39,0,
2014-09-26 08:00:00,15,16,18.0,1012.0,12.52,0,
2014-09-26 09:00:00,13,16,19.0,1012.0,14.31,0,
2014-09-26 10:00:00,14,16,19.0,1012.0,16.1,0,
2014-09-26 11:00:00,18,16,20.0,1011.0,19.23,0,
2014-09-26 12:00:00,20,16,21.0,1010.0,21.02,0,
2014-09-26 13:00:00,1,16,22.0,1009.0,24.15,0,
2014-09-26 14:00:00,3,17,23.0,1008.0,1.79,0,
2014-09-26 15:00:00,12,17,22.0,1009.0,2.68,0,
2014-09-26 16:00:00,15,17,20.0,1009.0,3.13,0,
2014-09-26 17:00:00,2,18,20.0,1009.0,0.89,0,
2014-09-26 18:00:00,10,17,19.0,1010.0,4.02,0,
2014-09-26 19:00:00,0,17,18.0,1011.0,7.15,0,
2014-09-26 20:00:00,0,17,19.0,1011.0,8.94,0,
2014-09-26 21:00:00,3,17,17.0,1012.0,0.89,0,
2014-09-26 22:00:00,17,17,18.0,1012.0,1.79,0,
2014-09-26 23:00:00,16,16,17.0,1012.0,4.92,0,
2014-09-27 00:00:00,3,15,16.0,1013.0,1.79,0,
2014-09-27 01:00:00,2,14,15.0,1013.0,3.58,0,
2014-09-27 02:00:00,0,14,14.0,1014.0,3.13,0,
2014-09-27 03:00:00,6,13,14.0,1014.0,4.92,0,
2014-09-27 04:00:00,0,12,13.0,1015.0,0.89,0,
2014-09-27 05:00:00,11,11,13.0,1016.0,1.79,0,
2014-09-27 06:00:00,1,11,12.0,1016.0,4.92,0,
2014-09-27 07:00:00,20,12,14.0,1017.0,6.71,0,
2014-09-27 08:00:00,6,12,18.0,1018.0,8.5,0,
2014-09-27 09:00:00,19,10,20.0,1018.0,3.13,0,
2014-09-27 10:00:00,0,9,21.0,1019.0,7.15,0,
2014-09-27 11:00:00,13,9,22.0,1018.0,10.28,0,
2014-09-27 12:00:00,14,9,23.0,1017.0,1.79,0,
2014-09-27 13:00:00,10,8,25.0,1016.0,3.58,0,
2014-09-27 14:00:00,14,7,25.0,1015.0,1.79,0,
2014-09-27 15:00:00,3,7,25.0,1015.0,0.89,0,
2014-09-27 16:00:00,8,8,25.0,1015.0,1.79,0,
2014-09-27 17:00:00,1,8,24.0,1015.0,3.58,0,
2014-09-27 18:00:00,14,13,20.0,1015.0,0.89,0,
2014-09-27 19:00:00,3,13,18.0,1016.0,1.78,0,
2014-09-27 20:00:00,19,13,17.0,1016.0,2.23,0,
2014-09-27 21:00:00,10,13,17.0,1016.0,0.89,0,
2014-09-27 22:00:00,9,14,16.0,1017.0,2.68,0,
2014-09-27 23:00:00,18,13,16.0,1017.0,3.57,0,
2014-09-28 00:00:00,14,13,16.0,1017.0,0.89,0,
2014-09-28 01:00:00,17,13,15.0,1018.0,1.78,0,
2014-09-28 02:00:00,17,12,15.0,1017.0,0.89,0,
2014-09-28 03:00:00,1,11,15.0,1017.0,1.78,0,
2014-09-28 04:00:00,6,12,14.0,1017.0,0.89,0,
2014-09-28 05:00:00,8,12,14.0,1017.0,1.78,0,
2014-09-28 06:00:00,3,12,14.0,1017.0,0.89,0,
2014-09-28 07:00:00,14,12,15.0,1018.0,1.78,0,
2014-09-28 08:00:00,16,12,16.0,1018.0,0.89,0,
2014-09-28 09:00:00,1,13,18.0,1018.0,0.89,0,
2014-09-28 10:00:00,9,14,20.0,1018.0,1.78,0,
2014-09-28 11:00:00,16,14,20.0,1018.0,1.79,0,
2014-09-28 12:00:00,11,15,21.0,1017.0,3.58,0,
2014-09-28 13:00:00,16,16,22.0,1016.0,5.37,0,
2014-09-28 14:00:00,10,15,22.0,1015.0,8.5,0,
2014-09-28 15:00:00,12,14,23.0,1014.0,12.52,0,
2014-09-28 16:00:00,2,15,22.0,1014.0,15.65,0,
2014-09-28 17:00:00,14,15,21.0,1014.0,18.78,0,
2014-09-28 18:00:00,4,15,20.0,1015.0,20.57,0,
2014-09-28 19:00:00,2,15,20.0,1014.0,22.36,0,
2014-09-28 20:00:00,10,16,18.0,1015.0,23.25,0,
2014-09-28 21:00:00,1,17,18.0,1015.0,0.89,0,
2014-09-28 22:00:00,2,16,17.0,1014.0,1.78,0,
2014-09-28 23:00:00,0,16,16.0,1014.0,2.67,0,
2014-09-29 00:00:00,13,15,15.0,1014.0,1.79,0,
2014-09-29 01:00:00,8,15,15.0,1014.0,2.68,0,
2014-09-29 02:00:00,12,15,15.0,1014.0,0.89,0,
2014-09-29 03:00:00,10,13,14.0,1013.0,1.78,0,
2014-09-29 04:00:00,16,14,14.0,1013.0,2.67,0,
2014-09-29 05:00:00,15,14,14.0,1014.0,0.89,0,
2014-09-29 06:00:00,14,14,14.0,1015.0,0.89,0,
2014-09-29 07:00:00,3,15,15.0,1016.0,1.79,0,
2014-09-29 08:00:00,12,15,18.0,1016.0,1.79,0,
2014-09-29 09:00:00,15,15,20.0,1018.0,3.13,0,
2014-09-29 10:00:00,12,10,23.0,1018.0,7.15,0,
2014-09-29 11:00:00,19,9,24.0,1019.0,14.3,0,
2014-09-29 12:00:00,20,7,23.0,1019.0,21.45,0,
2014-09-29 13:00:00,4,6,23.0,1019.0,27.26,0,
2014-09-29 14:00:00,13,6,23.0,1020.0,32.18,0,
2014-09-29 15:00:00,15,4,23.0,1020.0,4.02,0,
2014-09-29 16:00:00,11,3,22.0,1020.0,4.92,0,
2014-09-29 17:00:00,0,1,20.0,1021.0,8.05,0,
2014-09-29 18:00:00,10,0,19.0,1022.0,12.07,0,
2014-09-29 19:00:00,7,0,17.0,1024.0,3.13,0,
2014-09-29 20:00:00,1,6,15.0,1025.0,4.92,0,
2014-09-29 21:00:00,6,5,14.0,1026.0,8.05,0,
2014-09-29 22:00:00,13,4,14.0,1027.0,12.97,0,
2014-09-29 23:00:00,20,2,13.0,1028.0,16.1,0,
2014-09-30 00:00:00,4,4,12.0,1028.0,17.89,0,
2014-09-30 01:00:00,9,3,12.0,1029.0,19.68,0,
2014-09-30 02:00:00,7,4,12.0,1029.0,22.81,0,
2014-09-30 03:00:00,16,3,11.0,1029.0,24.6,0,
2014-09-30 04:00:00,18,2,11.0,1029.0,26.39,0,
2014-09-30 05:00:00,8,2,11.0,1029.0,28.18,0,
2014-09-30 06:00:00,0,2,11.0,1029.0,29.97,0,
2014-09-30 07:00:00,13,1,11.0,1029.0,33.1,0,
2014-09-30 08:00:00,14,2,11.0,1029.0,0.89,0,
2014-09-30 09:00:00,7,2,12.0,1029.0,1.78,0,
2014-09-30 10:00:00,14,1,12.0,1029.0,2.67,0,
2014-09-30 11:00:00,8,1,13.0,1028.0,1.79,0,
2014-09-30 12:00:00,16,0,14.0,1027.0,3.58,0,
2014-09-30 13:00:00,17,0,15.0,1026.0,1.79,0,
2014-09-30 14:00:00,2,0,16.0,1025.0,3.13,0,
2014-09-30 15:00:00,2,0,15.0,1024.0,1.79,0,
2014-09-30 16:00:00,10,0,15.0,1023.0,3.13,0,
2014-09-30 17:00:00,4,1,15.0,1023.0,4.92,0,
2014-09-30 18:00:00,3,3,13.0,1022.0,6.71,0,
2014-09-30 19:00:00,4,3,13.0,1022.0,9.84,0,
2014-09-30 20:00:00,0,5,11.0,1022.0,10.73,0,
2014-09-30 21:00:00,14,5,10.0,1022.0,0.89,0,
2014-09-30 22:00:00,18,6,11.0,1022.0,1.78,0,
2014-09-30 23:00:00,5,5,12.0,1021.0,1.79,0,
2014-10-01 00:00:00,6,6,11.0,1021.0,3.58,0,
2014-10-01 01:00:00,17,6,11.0,1020.0,0.89,0,
2014-10-01 02:00:00,16,6,11.0,1019.0,1.79,0,
2014-10-01 03:00:00,12,6,11.0,1018.0,1.79,0,
2014-10-01 04:00:00,20,7,11.0,1018.0,2.68,0,
2014-10-01 05:00:00,16,7,11.0,1018.0,0.89,0,
2014-10-01 06:00:00,14,8,12.0,1018.0,1.78,0,
2014-10-01 07:00:00,2,7,12.0,1018.0,2.67,0,
2014-10-01 08:00:00,5,8,12.0,1017.0,3.56,0,
2014-10-01 09:00:00,8,9,13.0,1017.0,4.45,0,
2014-10-01 10:00:00,16,8,14.0,1017.0,1.79,0,
2014-10-01 11:00:00,10,9,15.0,1017.0,3.13,0,
2014-10-01 12:00:00,19,8,14.0,1016.0,1.79,0,
2014-10-01 13:00:00,9,9,13.0,1015.0,4.92,0,
2014-10-01 14:00:00,4,10,11.0,1015.0,8.05,0,
2014-10-01 15:00:00,9,10,11.0,1015.0,9.84,0,
2014-10-01 16:00:00,18,10,11.0,1014.0,12.97,0,
2014-10-01 17:00:00,10,10,11.0,1014.0,16.1,0,
2014-10-01 18:00:00,15,10,11.0,1014.0,17.89,0,
2014-10-01 19:00:00,6,11,11.0,1014.0,0.89,0,
2014-10-01 20:00:00,20,10,11.0,1015.0,3.13,0,
2014-10-01 21:00:00,14,11,11.0,1015.0,4.92,0,
2014-10-01 22:00:00,18,10,11.0,1015.0,0.89,0,
2014-10-01 23:00:00,9,11,11.0,1014.0,1.79,0,
2014-10-02 00:00:00,10,11,11.0,1014.0,4.92,0,
2014-10-02 01:00:00,16,10,11.0,1013.0,6.71,0,
2014-10-02 02:00:00,13,9,10.0,1013.0,8.5,0,
2014-10-02 03:00:00,1,10,11.0,1013.0,11.63,0,
2014-10-02 04:00:00,3,10,10.0,1012.0,13.42,0,
2014-10-02 05:00:00,13,10,10.0,1012.0,15.21,0,
2014-10-02 06:00:00,8,9,9.0,1013.0,17.0,0,
2014-10-02 07:00:00,10,9,10.0,1013.0,18.79,0,
2014-10-02 08:00:00,19,11,12.0,1013.0,21.92,0,
2014-10-02 09:00:00,7,12,15.0,1013.0,0.89,0,
2014-10-02 10:00:00,14,11,17.0,1013.0,1.79,0,
2014-10-02 11:00:00,11,11,18.0,1013.0,0.89,0,
2014-10-02 12:00:00,19,11,20.0,1012.0,1.79,0,
2014-10-02 13:00:00,20,11,21.0,1012.0,0.89,0,
2014-10-02 14:00:00,0,13,20.0,1011.0,1.79,0,
2014-10-02 15:00:00,18,12,21.0,1011.0,0.89,0,
2014-10-02 16:00:00,7,13,20.0,1012.0,1.79,0,
2014-10-02 17:00:00,2,13,20.0,1012.0,3.58,0,
2014-10-02 18:00:00,10,13,17.0,1013.0,5.37,0,
2014-10-02 19:00:00,16,13,16.0,1014.0,7.16,0,
2014-10-02 20:00:00,14,13,14.0,1014.0,0.89,0,
2014-10-02 21:00:00,3,13,15.0,1015.0,1.79,0,
2014-10-02 22:00:00,5,12,15.0,1016.0,3.58,0,
2014-10-02 23:00:00,5,12,14.0,1016.0,5.37,0,
2014-10-03 00:00:00,2,12,14.0,1016.0,0.89,0,
2014-10-03 01:00:00,9,11,12.0,1017.0,1.78,0,
2014-10-03 02:00:00,11,11,11.0,1017.0,1.79,0,
2014-10-03 03:00:00,16,12,13.0,1017.0,0.89,0,
2014-10-03 04:00:00,18,11,13.0,1017.0,1.78,0,
2014-10-03 05:00:00,16,12,14.0,1017.0,2.23,0,
2014-10-03 06:00:00,11,12,14.0,1017.0,0.89,0,
2014-10-03 07:00:00,3,12,13.0,1018.0,2.68,0,
2014-10-03 08:00:00,8,11,14.0,1019.0,4.47,0,
2014-10-03 09:00:00,12,12,14.0,1019.0,0.89,0,
2014-10-03 10:00:00,13,11,15.0,1019.0,1.79,0,
2014-10-03 11:00:00,10,11,15.0,1019.0,0.89,0,
2014-10-03 12:00:00,0,12,16.0,1018.0,1.78,0,
2014-10-03 13:00:00,7,13,16.0,1017.0,2.67,0,
2014-10-03 14:00:00,19,13,17.0,1017.0,1.79,0,
2014-10-03 15:00:00,19,13,18.0,1016.0,3.58,0,
2014-10-03 16:00:00,10,14,18.0,1016.0,5.37,0,
2014-10-03 17:00:00,5,14,17.0,1016.0,7.16,0,
2014-10-03 18:00:00,8,14,16.0,1017.0,1.79,0,
2014-10-03 19:00:00,19,14,16.0,1017.0,0.89,0,
2014-10-03 20:00:00,0,14,16.0,1017.0,1.78,0,
2014-10-03 21:00:00,9,14,16.0,1018.0,2.67,0,
2014-10-03 22:00:00,10,14,16.0,1018.0,3.12,0,
2014-10-03 23:00:00,9,14,15.0,1018.0,1.79,0,
2014-10-04 00:00:00,4,13,15.0,1017.0,4.92,0,
2014-10-04 01:00:00,15,14,15.0,1017.0,8.05,0,
2014-10-04 02:00:00,11,14,15.0,1017.0,9.84,0,
2014-10-04 03:00:00,20,14,15.0,1017.0,12.97,0,
2014-10-04 04:00:00,2,14,15.0,1017.0,17.89,0,
2014-10-04 05:00:00,1,13,14.0,1017.0,21.91,0,
2014-10-04 06:00:00,8,13,14.0,1018.0,23.7,0,
2014-10-04 07:00:00,3,13,14.0,1018.0,25.49,0,
2014-10-04 08:00:00,5,13,14.0,1019.0,26.38,0,
2014-10-04 09:00:00,3,13,14.0,1019.0,27.27,0,
2014-10-04 10:00:00,20,13,14.0,1020.0,1.79,0,
2014-10-04 11:00:00,20,14,15.0,1019.0,2.68,0,
2014-10-04 12:00:00,17,13,15.0,1019.0,0.89,0,
2014-10-04 13:00:00,7,14,15.0,1019.0,0.89,0,
2014-10-04 14:00:00,18,14,16.0,1018.0,1.79,0,
2014-10-04 15:00:00,12,14,16.0,1019.0,1.79,0,
2014-10-04 16:00:00,11,14,16.0,1019.0,0.89,0,
2014-10-04 17:00:00,4,14,15.0,1019.0,1.78,0,
2014-10-04 18:00:00,1,14,15.0,1020.0,2.67,0,
2014-10-04 19:00:00,6,13,14.0,1020.0,3.13,0,
2014-10-04 20:00:00,5,13,14.0,1021.0,6.26,0,
2014-10-04 21:00:00,20,13,14.0,1022.0,9.39,0,
2014-10-04 22:00:00,15,13,14.0,1023.0,11.18,0,
2014-10-04 23:00:00,2,12,13.0,1023.0,12.97,0,
2014-10-05 00:00:00,13,13,13.0,1023.0,0.89,0,
2014-10-05 01:00:00,17,12,13.0,1023.0,1.79,0,
2014-10-05 02:00:00,13,11,12.0,1023.0,0.89,0,
2014-10-05 03:00:00,9,11,11.0,1022.0,0.89,0,
2014-10-05 04:00:00,14,11,11.0,1023.0,1.78,0,
2014-10-05 05:00:00,17,10,10.0,1023.0,0.89,0,
2014-10-05 06:00:00,17,11,11.0,1024.0,0.89,0,
2014-10-05 07:00:00,6,9,12.0,1024.0,3.13,0,
2014-10-05 08:00:00,17,9,15.0,1025.0,4.92,0,
2014-10-05 09:00:00,12,8,17.0,1025.0,9.84,0,
2014-10-05 10:00:00,3,5,18.0,1025.0,16.99,0,
2014-10-05 11:00:00,14,5,20.0,1025.0,24.14,0,
2014-10-05 12:00:00,15,4,22.0,1024.0,29.95,0,
2014-10-05 13:00:00,14,5,20.0,1024.0,35.76,0,
2014-10-05 14:00:00,7,5,21.0,1024.0,39.78,0,
2014-10-05 15:00:00,18,4,22.0,1023.0,4.02,0,
2014-10-05 16:00:00,12,2,20.0,1024.0,9.83,0,
2014-10-05 17:00:00,7,2,19.0,1024.0,13.85,0,
2014-10-05 18:00:00,15,3,17.0,1024.0,15.64,0,
2014-10-05 19:00:00,15,7,13.0,1025.0,17.43,0,
2014-10-05 20:00:00,16,6,12.0,1026.0,1.79,0,
2014-10-05 21:00:00,6,6,10.0,1026.0,1.79,0,
2014-10-05 22:00:00,3,6,11.0,1027.0,1.79,0,
2014-10-05 23:00:00,8,4,13.0,1027.0,0.89,0,
2014-10-06 00:00:00,9,5,7.0,1027.0,1.78,0,
2014-10-06 01:00:00,18,6,8.0,1027.0,1.79,0,
2014-10-06 02:00:00,7,6,7.0,1027.0,0.45,0,
2014-10-06 03:00:00,1,5,10.0,1027.0,3.13,0,
2014-10-06 04:00:00,4,5,7.0,1026.0,0.89,0,
2014-10-06 05:00:00,19,4,6.0,1026.0,1.79,0,
2014-10-06 06:00:00,16,4,6.0,1027.0,3.58,0,
2014-10-06 07:00:00,3,5,7.0,1027.0,6.71,0,
2014-10-06 08:00:00,8,7,11.0,1027.0,9.84,0,
2014-10-06 09:00:00,3,5,15.0,1027.0,11.63,0,
2014-10-06 10:00:00,10,3,16.0,1027.0,3.13,0,
2014-10-06 11:00:00,1,3,19.0,1026.0,0.89,0,
2014-10-06 12:00:00,5,0,20.0,1025.0,1.78,0,
2014-10-06 13:00:00,9,0,21.0,1024.0,3.13,0,
2014-10-06 14:00:00,14,0,21.0,1023.0,6.26,0,
2014-10-06 15:00:00,1,0,21.0,1022.0,10.28,0,
2014-10-06 16:00:00,9,0,20.0,1021.0,14.3,0,
2014-10-06 17:00:00,10,2,19.0,1021.0,16.09,0,
2014-10-06 18:00:00,13,4,17.0,1021.0,17.88,0,
2014-10-06 19:00:00,15,6,14.0,1021.0,18.77,0,
2014-10-06 20:00:00,3,8,13.0,1021.0,19.66,0,
2014-10-06 21:00:00,9,8,12.0,1021.0,0.89,0,
2014-10-06 22:00:00,4,7,12.0,1021.0,1.78,0,
2014-10-06 23:00:00,14,7,11.0,1021.0,0.89,0,
2014-10-07 00:00:00,4,7,11.0,1021.0,2.68,0,
2014-10-07 01:00:00,3,7,11.0,1020.0,4.47,0,
2014-10-07 02:00:00,0,7,10.0,1020.0,0.89,0,
2014-10-07 03:00:00,12,7,9.0,1020.0,0.89,0,
2014-10-07 04:00:00,20,7,8.0,1020.0,0.89,0,
2014-10-07 05:00:00,1,7,8.0,1020.0,1.78,0,
2014-10-07 06:00:00,10,7,8.0,1020.0,2.67,0,
2014-10-07 07:00:00,3,7,8.0,1021.0,0.89,0,
2014-10-07 08:00:00,3,8,11.0,1021.0,1.79,0,
2014-10-07 09:00:00,15,7,13.0,1022.0,1.79,0,
2014-10-07 10:00:00,3,7,15.0,1021.0,3.58,0,
2014-10-07 11:00:00,6,8,16.0,1021.0,1.79,0,
2014-10-07 12:00:00,5,9,18.0,1020.0,2.68,0,
2014-10-07 13:00:00,4,8,19.0,1019.0,3.57,0,
2014-10-07 14:00:00,20,9,20.0,1019.0,4.46,0,
2014-10-07 15:00:00,19,9,21.0,1018.0,1.79,0,
2014-10-07 16:00:00,10,9,20.0,1018.0,4.92,0,
2014-10-07 17:00:00,19,10,19.0,1018.0,5.81,0,
2014-10-07 18:00:00,0,11,16.0,1018.0,0.89,0,
2014-10-07 19:00:00,1,12,14.0,1019.0,1.34,0,
2014-10-07 20:00:00,20,12,13.0,1019.0,0.89,0,
2014-10-07 21:00:00,1,11,12.0,1019.0,0.89,0,
2014-10-07 22:00:00,17,11,12.0,1020.0,0.89,0,
2014-10-07 23:00:00,2,11,12.0,1020.0,1.78,0,
2014-10-08 00:00:00,14,11,12.0,1020.0,2.23,0,
2014-10-08 01:00:00,3,11,12.0,1020.0,3.12,0,
2014-10-08 02:00:00,14,11,12.0,1020.0,3.57,0,
2014-10-08 03:00:00,0,10,12.0,1020.0,1.79,0,
2014-10-08 04:00:00,14,11,12.0,1019.0,2.68,0,
2014-10-08 05:00:00,13,10,11.0,1020.0,3.57,0,
2014-10-08 06:00:00,14,10,12.0,1019.0,0.89,0,
2014-10-08 07:00:00,6,11,13.0,1020.0,0.89,0,
2014-10-08 08:00:00,10,11,13.0,1020.0,2.68,0,
2014-10-08 09:00:00,10,11,14.0,1021.0,5.81,0,
2014-10-08 10:00:00,12,11,16.0,1021.0,0.89,0,
2014-10-08 11:00:00,17,11,17.0,1020.0,1.79,0,
2014-10-08 12:00:00,0,12,17.0,1019.0,1.79,0,
2014-10-08 13:00:00,14,12,19.0,1019.0,0.89,0,
2014-10-08 14:00:00,16,13,19.0,1018.0,1.79,0,
2014-10-08 15:00:00,2,13,20.0,1017.0,4.92,0,
2014-10-08 16:00:00,13,14,20.0,1017.0,0.89,0,
2014-10-08 17:00:00,4,15,18.0,1017.0,0.89,0,
2014-10-08 18:00:00,15,14,16.0,1017.0,1.78,0,
2014-10-08 19:00:00,20,14,15.0,1018.0,2.67,0,
2014-10-08 20:00:00,12,14,15.0,1018.0,0.89,0,
2014-10-08 21:00:00,15,13,14.0,1019.0,0.89,0,
2014-10-08 22:00:00,2,13,14.0,1019.0,0.89,0,
2014-10-08 23:00:00,0,13,13.0,1019.0,1.34,0,
2014-10-09 00:00:00,0,12,14.0,1019.0,1.79,0,
2014-10-09 01:00:00,16,12,13.0,1019.0,0.45,0,
2014-10-09 02:00:00,11,12,12.0,1019.0,1.79,0,
2014-10-09 03:00:00,5,12,12.0,1018.0,2.68,0,
2014-10-09 04:00:00,17,11,12.0,1019.0,0.89,0,
2014-10-09 05:00:00,18,11,12.0,1019.0,0.89,0,
2014-10-09 06:00:00,11,11,11.0,1019.0,0.89,0,
2014-10-09 07:00:00,6,11,12.0,1020.0,0.45,0,
2014-10-09 08:00:00,5,13,13.0,1020.0,0.89,0,
2014-10-09 09:00:00,9,14,15.0,1021.0,0.89,0,
2014-10-09 10:00:00,17,14,17.0,1021.0,0.89,0,
2014-10-09 11:00:00,17,14,19.0,1021.0,1.79,0,
2014-10-09 12:00:00,4,14,20.0,1020.0,0.89,0,
2014-10-09 13:00:00,0,14,21.0,1019.0,1.78,0,
2014-10-09 14:00:00,3,15,22.0,1019.0,2.67,0,
2014-10-09 15:00:00,13,15,22.0,1018.0,1.79,0,
2014-10-09 16:00:00,15,15,22.0,1018.0,0.89,0,
2014-10-09 17:00:00,10,15,21.0,1018.0,1.78,0,
2014-10-09 18:00:00,5,16,18.0,1019.0,2.23,0,
2014-10-09 19:00:00,13,15,16.0,1019.0,3.12,0,
2014-10-09 20:00:00,1,15,15.0,1020.0,0.89,0,
2014-10-09 21:00:00,13,14,15.0,1020.0,1.78,0,
2014-10-09 22:00:00,15,14,15.0,1021.0,0.45,0,
2014-10-09 23:00:00,20,14,14.0,1021.0,1.34,0,
2014-10-10 00:00:00,8,13,14.0,1021.0,2.23,0,
2014-10-10 01:00:00,12,13,14.0,1022.0,1.79,0,
2014-10-10 02:00:00,6,13,14.0,1022.0,0.89,0,
2014-10-10 03:00:00,1,12,13.0,1022.0,0.89,0,
2014-10-10 04:00:00,8,12,13.0,1022.0,0.89,0,
2014-10-10 05:00:00,7,12,12.0,1022.0,0.45,0,
2014-10-10 06:00:00,20,11,12.0,1022.0,0.89,0,
2014-10-10 07:00:00,8,13,13.0,1023.0,0.89,0,
2014-10-10 08:00:00,9,14,14.0,1024.0,0.89,0,
2014-10-10 09:00:00,4,15,16.0,1024.0,1.78,0,
2014-10-10 10:00:00,17,15,18.0,1024.0,1.79,0,
2014-10-10 11:00:00,7,15,19.0,1024.0,4.92,0,
2014-10-10 12:00:00,9,15,21.0,1023.0,0.89,0,
2014-10-10 13:00:00,9,15,22.0,1022.0,3.13,0,
2014-10-10 14:00:00,13,15,22.0,1021.0,4.92,0,
2014-10-10 15:00:00,14,15,22.0,1021.0,8.05,0,
2014-10-10 16:00:00,5,15,22.0,1020.0,9.84,0,
2014-10-10 17:00:00,20,15,20.0,1020.0,11.63,0,
2014-10-10 18:00:00,4,15,18.0,1020.0,0.89,0,
2014-10-10 19:00:00,5,15,17.0,1020.0,1.79,0,
2014-10-10 20:00:00,6,15,18.0,1021.0,3.58,0,
2014-10-10 21:00:00,1,15,17.0,1021.0,5.37,0,
2014-10-10 22:00:00,16,14,15.0,1021.0,0.89,0,
2014-10-10 23:00:00,10,14,15.0,1021.0,1.78,0,
2014-10-11 00:00:00,11,14,15.0,1021.0,0.89,0,
2014-10-11 01:00:00,17,15,15.0,1021.0,2.68,0,
2014-10-11 02:00:00,2,14,14.0,1021.0,0.89,0,
2014-10-11 03:00:00,20,14,15.0,1021.0,1.78,0,
2014-10-11 04:00:00,4,14,15.0,1020.0,1.79,0,
2014-10-11 05:00:00,8,14,14.0,1020.0,2.68,0,
2014-10-11 06:00:00,18,15,15.0,1021.0,0.89,0,
2014-10-11 07:00:00,1,15,15.0,1021.0,1.79,0,
2014-10-11 08:00:00,20,15,15.0,1021.0,3.58,0,
2014-10-11 09:00:00,17,15,15.0,1022.0,5.37,0,
2014-10-11 10:00:00,10,15,16.0,1022.0,6.26,0,
2014-10-11 11:00:00,17,15,17.0,1021.0,8.05,0,
2014-10-11 12:00:00,10,15,18.0,1021.0,9.84,0,
2014-10-11 13:00:00,20,14,19.0,1020.0,0.89,0,
2014-10-11 14:00:00,16,15,20.0,1020.0,1.78,0,
2014-10-11 15:00:00,16,15,20.0,1020.0,1.79,0,
2014-10-11 16:00:00,3,15,20.0,1021.0,4.92,0,
2014-10-11 17:00:00,17,15,19.0,1021.0,8.05,0,
2014-10-11 18:00:00,8,9,20.0,1022.0,15.2,0,
2014-10-11 19:00:00,7,7,19.0,1024.0,22.35,0,
2014-10-11 20:00:00,3,6,19.0,1025.0,28.16,0,
2014-10-11 21:00:00,8,5,18.0,1026.0,35.31,0,
2014-10-11 22:00:00,6,5,17.0,1026.0,42.46,0,
2014-10-11 23:00:00,7,5,17.0,1027.0,49.61,0,
2014-10-12 00:00:00,2,7,16.0,1028.0,55.42,0,
2014-10-12 01:00:00,8,6,15.0,1028.0,60.34,0,
2014-10-12 02:00:00,4,9,13.0,1028.0,64.36,0,
2014-10-12 03:00:00,19,8,13.0,1029.0,3.13,0,
2014-10-12 04:00:00,12,8,13.0,1029.0,3.13,0,
2014-10-12 05:00:00,6,8,13.0,1029.0,4.92,0,
2014-10-12 06:00:00,11,5,14.0,1030.0,8.05,0,
2014-10-12 07:00:00,4,-4,16.0,1031.0,16.1,0,
2014-10-12 08:00:00,15,-2,15.0,1032.0,20.12,0,
2014-10-12 09:00:00,16,1,15.0,1033.0,3.13,0,
2014-10-12 10:00:00,18,-3,16.0,1033.0,7.15,0,
2014-10-12 11:00:00,14,-1,17.0,1033.0,10.28,0,
2014-10-12 12:00:00,16,-3,18.0,1032.0,15.2,0,
2014-10-12 13:00:00,13,-3,18.0,1031.0,3.13,0,
2014-10-12 14:00:00,9,-4,18.0,1030.0,8.05,0,
2014-10-12 15:00:00,5,-4,18.0,1030.0,12.07,0,
2014-10-12 16:00:00,4,-1,16.0,1030.0,13.86,0,
2014-10-12 17:00:00,7,-4,16.0,1030.0,18.78,0,
2014-10-12 18:00:00,0,-4,16.0,1030.0,23.7,0,
2014-10-12 19:00:00,9,-1,14.0,1030.0,26.83,0,
2014-10-12 20:00:00,6,-1,13.0,1030.0,29.96,0,
2014-10-12 21:00:00,20,0,12.0,1031.0,33.09,0,
2014-10-12 22:00:00,3,0,10.0,1031.0,37.11,0,
2014-10-12 23:00:00,9,-2,10.0,1031.0,40.24,0,
2014-10-13 00:00:00,13,-3,8.0,1031.0,42.03,0,
2014-10-13 01:00:00,9,-3,6.0,1031.0,45.16,0,
2014-10-13 02:00:00,14,-3,6.0,1031.0,48.29,0,
2014-10-13 03:00:00,3,-4,5.0,1030.0,50.08,0,
2014-10-13 04:00:00,19,-4,5.0,1030.0,51.87,0,
2014-10-13 05:00:00,9,-2,3.0,1030.0,53.66,0,
2014-10-13 06:00:00,15,-2,3.0,1030.0,1.79,0,
2014-10-13 07:00:00,11,-2,4.0,1030.0,4.02,0,
2014-10-13 08:00:00,19,-2,11.0,1031.0,5.81,0,
2014-10-13 09:00:00,16,-5,12.0,1031.0,9.83,0,
2014-10-13 10:00:00,14,-8,14.0,1030.0,13.85,0,
2014-10-13 11:00:00,0,-8,15.0,1029.0,17.87,0,
2014-10-13 12:00:00,17,-9,16.0,1027.0,21.0,0,
2014-10-13 13:00:00,10,-10,16.0,1026.0,22.79,0,
2014-10-13 14:00:00,9,-9,17.0,1025.0,1.79,0,
2014-10-13 15:00:00,7,-8,17.0,1024.0,2.68,0,
2014-10-13 16:00:00,20,-8,17.0,1023.0,1.79,0,
2014-10-13 17:00:00,1,-5,15.0,1023.0,3.58,0,
2014-10-13 18:00:00,19,1,11.0,1023.0,4.47,0,
2014-10-13 19:00:00,14,1,9.0,1023.0,6.26,0,
2014-10-13 20:00:00,18,2,7.0,1023.0,0.89,0,
2014-10-13 21:00:00,4,3,7.0,1024.0,1.78,0,
2014-10-13 22:00:00,17,3,6.0,1023.0,2.67,0,
2014-10-13 23:00:00,9,2,5.0,1023.0,3.56,0,
2014-10-14 00:00:00,5,3,5.0,1023.0,4.01,0,
2014-10-14 01:00:00,12,3,5.0,1023.0,0.89,0,
2014-10-14 02:00:00,11,2,4.0,1023.0,0.89,0,
2014-10-14 03:00:00,5,1,4.0,1022.0,3.13,0,
2014-10-14 04:00:00,1,0,4.0,1022.0,4.92,0,
2014-10-14 05:00:00,17,0,3.0,1022.0,6.71,0,
2014-10-14 06:00:00,12,0,4.0,1022.0,0.89,0,
2014-10-14 07:00:00,9,0,4.0,1022.0,1.79,0,
2014-10-14 08:00:00,12,1,8.0,1022.0,4.92,0,
2014-10-14 09:00:00,6,0,11.0,1022.0,6.71,0,
2014-10-14 10:00:00,7,-1,14.0,1021.0,0.89,0,
2014-10-14 11:00:00,12,0,16.0,1021.0,1.78,0,
2014-10-14 12:00:00,1,0,18.0,1020.0,3.57,0,
2014-10-14 13:00:00,2,-1,20.0,1018.0,4.02,0,
2014-10-14 14:00:00,13,0,21.0,1017.0,7.15,0,
2014-10-14 15:00:00,6,0,22.0,1016.0,11.17,0,
2014-10-14 16:00:00,5,-1,21.0,1016.0,15.19,0,
2014-10-14 17:00:00,0,0,20.0,1015.0,18.32,0,
2014-10-14 18:00:00,5,0,19.0,1016.0,21.45,0,
2014-10-14 19:00:00,17,1,18.0,1016.0,26.37,0,
2014-10-14 20:00:00,3,2,16.0,1016.0,30.39,0,
2014-10-14 21:00:00,20,3,17.0,1015.0,3.13,0,
2014-10-14 22:00:00,15,6,10.0,1015.0,4.02,0,
2014-10-14 23:00:00,4,6,9.0,1015.0,4.91,0,
2014-10-15 00:00:00,16,6,8.0,1015.0,5.8,0,
2014-10-15 01:00:00,7,6,8.0,1014.0,6.69,0,
2014-10-15 02:00:00,4,5,6.0,1014.0,0.89,0,
2014-10-15 03:00:00,19,5,6.0,1013.0,0.89,0,
2014-10-15 04:00:00,7,5,6.0,1013.0,1.78,0,
2014-10-15 05:00:00,0,4,5.0,1013.0,2.67,0,
2014-10-15 06:00:00,19,4,5.0,1013.0,1.79,0,
2014-10-15 07:00:00,4,5,7.0,1013.0,0.89,0,
2014-10-15 08:00:00,8,6,11.0,1014.0,1.79,0,
2014-10-15 09:00:00,14,5,13.0,1014.0,1.79,0,
2014-10-15 10:00:00,17,-2,21.0,1014.0,9.83,0,
2014-10-15 11:00:00,11,-2,21.0,1014.0,18.77,0,
2014-10-15 12:00:00,3,-2,21.0,1014.0,28.6,0,
2014-10-15 13:00:00,4,-2,22.0,1014.0,37.54,0,
2014-10-15 14:00:00,9,-5,23.0,1014.0,48.72,0,
2014-10-15 15:00:00,6,-8,23.0,1014.0,58.55,0,
2014-10-15 16:00:00,18,-11,22.0,1015.0,67.49,0,
2014-10-15 17:00:00,15,-9,20.0,1016.0,76.43,0,
2014-10-15 18:00:00,3,-8,17.0,1017.0,85.37,0,
2014-10-15 19:00:00,15,-11,17.0,1018.0,94.31,0,
2014-10-15 20:00:00,14,-9,15.0,1020.0,100.12,0,
2014-10-15 21:00:00,4,-8,13.0,1021.0,103.25,0,
2014-10-15 22:00:00,13,-6,12.0,1021.0,1.79,0,
2014-10-15 23:00:00,19,-3,9.0,1021.0,0.89,0,
2014-10-16 00:00:00,2,-1,7.0,1022.0,1.78,0,
2014-10-16 01:00:00,20,-2,7.0,1022.0,1.79,0,
2014-10-16 02:00:00,10,0,5.0,1022.0,0.89,0,
2014-10-16 03:00:00,1,1,5.0,1022.0,1.78,0,
2014-10-16 04:00:00,9,0,4.0,1022.0,2.67,0,
2014-10-16 05:00:00,11,0,4.0,1023.0,3.56,0,
2014-10-16 06:00:00,4,1,3.0,1023.0,4.01,0,
2014-10-16 07:00:00,2,1,3.0,1024.0,4.9,0,
2014-10-16 08:00:00,7,2,10.0,1025.0,5.79,0,
2014-10-16 09:00:00,17,1,13.0,1025.0,6.68,0,
2014-10-16 10:00:00,4,1,16.0,1024.0,7.57,0,
2014-10-16 11:00:00,9,-5,19.0,1023.0,4.92,0,
2014-10-16 12:00:00,12,-6,20.0,1022.0,9.84,0,
2014-10-16 13:00:00,0,-6,21.0,1020.0,16.99,0,
2014-10-16 14:00:00,19,-6,21.0,1019.0,24.14,0,
2014-10-16 15:00:00,12,-6,22.0,1018.0,31.29,0,
2014-10-16 16:00:00,2,-5,21.0,1018.0,38.44,0,
2014-10-16 17:00:00,20,-4,20.0,1018.0,44.25,0,
2014-10-16 18:00:00,7,-2,15.0,1018.0,47.38,0,
2014-10-16 19:00:00,8,-1,15.0,1018.0,50.51,0,
2014-10-16 20:00:00,5,-1,13.0,1018.0,53.64,0,
2014-10-16 21:00:00,9,0,13.0,1018.0,55.43,0,
2014-10-16 22:00:00,4,3,9.0,1018.0,0.89,0,
2014-10-16 23:00:00,9,3,8.0,1018.0,1.79,0,
2014-10-17 00:00:00,18,3,8.0,1018.0,0.89,0,
2014-10-17 01:00:00,20,3,8.0,1017.0,1.78,0,
2014-10-17 02:00:00,6,2,5.0,1017.0,0.89,0,
2014-10-17 03:00:00,3,4,6.0,1017.0,0.45,0,
2014-10-17 04:00:00,19,4,5.0,1016.0,0.89,0,
2014-10-17 05:00:00,13,3,4.0,1017.0,2.68,0,
2014-10-17 06:00:00,3,3,6.0,1016.0,3.57,0,
2014-10-17 07:00:00,4,4,6.0,1017.0,0.89,0,
2014-10-17 08:00:00,5,5,9.0,1017.0,0.89,0,
2014-10-17 09:00:00,8,3,13.0,1018.0,2.68,0,
2014-10-17 10:00:00,12,3,15.0,1017.0,4.47,0,
2014-10-17 11:00:00,11,3,18.0,1017.0,0.89,0,
2014-10-17 12:00:00,15,4,20.0,1016.0,2.68,0,
2014-10-17 13:00:00,11,3,22.0,1015.0,4.47,0,
2014-10-17 14:00:00,5,3,23.0,1014.0,3.13,0,
2014-10-17 15:00:00,17,4,24.0,1014.0,6.26,0,
2014-10-17 16:00:00,5,4,23.0,1014.0,10.28,0,
2014-10-17 17:00:00,12,5,22.0,1014.0,14.3,0,
2014-10-17 18:00:00,2,7,16.0,1014.0,0.89,0,
2014-10-17 19:00:00,5,8,13.0,1015.0,1.79,0,
2014-10-17 20:00:00,6,8,15.0,1015.0,3.58,0,
2014-10-17 21:00:00,6,8,13.0,1016.0,4.47,0,
2014-10-17 22:00:00,13,7,13.0,1016.0,0.89,0,
2014-10-17 23:00:00,17,8,11.0,1017.0,1.78,0,
2014-10-18 00:00:00,14,8,10.0,1017.0,0.89,0,
2014-10-18 01:00:00,5,7,11.0,1017.0,2.68,0,
2014-10-18 02:00:00,2,7,9.0,1017.0,1.79,0,
2014-10-18 03:00:00,17,6,9.0,1017.0,1.79,0,
2014-10-18 04:00:00,13,6,8.0,1016.0,0.89,0,
2014-10-18 05:00:00,16,6,8.0,1017.0,1.79,0,
2014-10-18 06:00:00,17,6,8.0,1017.0,3.58,0,
2014-10-18 07:00:00,16,5,8.0,1018.0,5.37,0,
2014-10-18 08:00:00,14,7,11.0,1018.0,8.5,0,
2014-10-18 09:00:00,5,7,14.0,1019.0,1.79,0,
2014-10-18 10:00:00,17,7,17.0,1018.0,0.89,0,
2014-10-18 11:00:00,6,8,20.0,1018.0,1.78,0,
2014-10-18 12:00:00,12,8,22.0,1017.0,2.67,0,
2014-10-18 13:00:00,18,8,23.0,1016.0,4.46,0,
2014-10-18 14:00:00,18,8,24.0,1015.0,5.35,0,
2014-10-18 15:00:00,14,8,24.0,1014.0,3.13,0,
2014-10-18 16:00:00,3,8,23.0,1015.0,6.26,0,
2014-10-18 17:00:00,17,10,21.0,1014.0,8.05,0,
2014-10-18 18:00:00,6,12,17.0,1015.0,0.89,0,
2014-10-18 19:00:00,17,12,15.0,1015.0,1.78,0,
2014-10-18 20:00:00,11,11,14.0,1015.0,0.89,0,
2014-10-18 21:00:00,11,11,13.0,1016.0,1.78,0,
2014-10-18 22:00:00,4,11,13.0,1016.0,0.89,0,
2014-10-18 23:00:00,11,12,14.0,1016.0,1.34,0,
2014-10-19 00:00:00,4,11,14.0,1015.0,2.23,0,
2014-10-19 01:00:00,17,11,15.0,1015.0,4.02,0,
2014-10-19 02:00:00,2,12,14.0,1015.0,0.89,0,
2014-10-19 03:00:00,17,12,14.0,1014.0,0.89,0,
2014-10-19 04:00:00,19,12,13.0,1014.0,0.89,0,
2014-10-19 05:00:00,13,12,13.0,1014.0,0.89,0,
2014-10-19 06:00:00,10,12,13.0,1014.0,0.89,0,
2014-10-19 07:00:00,19,11,13.0,1014.0,1.78,0,
2014-10-19 08:00:00,16,12,15.0,1015.0,1.79,0,
2014-10-19 09:00:00,8,12,16.0,1015.0,0.89,0,
2014-10-19 10:00:00,7,12,17.0,1015.0,1.79,0,
2014-10-19 11:00:00,1,12,18.0,1015.0,3.58,0,
2014-10-19 12:00:00,1,11,20.0,1014.0,6.71,0,
2014-10-19 13:00:00,2,11,20.0,1014.0,10.73,0,
2014-10-19 14:00:00,17,12,20.0,1013.0,13.86,0,
2014-10-19 15:00:00,4,12,20.0,1013.0,16.99,0,
2014-10-19 16:00:00,8,12,20.0,1013.0,20.12,0,
2014-10-19 17:00:00,6,12,19.0,1013.0,21.91,0,
2014-10-19 18:00:00,14,13,16.0,1014.0,0.89,0,
2014-10-19 19:00:00,4,13,17.0,1014.0,0.89,0,
2014-10-19 20:00:00,1,13,16.0,1015.0,0.89,0,
2014-10-19 21:00:00,10,13,16.0,1015.0,2.68,0,
2014-10-19 22:00:00,3,13,16.0,1015.0,5.81,0,
2014-10-19 23:00:00,2,13,16.0,1016.0,7.6,0,
2014-10-20 00:00:00,15,13,16.0,1016.0,9.39,0,
2014-10-20 01:00:00,20,13,15.0,1016.0,10.28,0,
2014-10-20 02:00:00,4,13,15.0,1016.0,12.07,0,
2014-10-20 03:00:00,5,12,13.0,1015.0,0.89,0,
2014-10-20 04:00:00,2,12,12.0,1015.0,1.78,0,
2014-10-20 05:00:00,18,11,11.0,1016.0,0.89,0,
2014-10-20 06:00:00,3,11,11.0,1016.0,1.78,0,
2014-10-20 07:00:00,15,12,12.0,1017.0,0.89,0,
2014-10-20 08:00:00,16,12,13.0,1017.0,0.89,0,
2014-10-20 09:00:00,12,14,14.0,1018.0,1.78,0,
2014-10-20 10:00:00,0,12,17.0,1018.0,4.02,0,
2014-10-20 11:00:00,11,13,16.0,1018.0,4.92,0,
2014-10-20 12:00:00,6,13,16.0,1018.0,8.94,0,
2014-10-20 13:00:00,10,13,16.0,1018.0,12.96,0,
2014-10-20 14:00:00,18,14,17.0,1018.0,14.75,0,
2014-10-20 15:00:00,18,13,18.0,1018.0,16.54,0,
2014-10-20 16:00:00,20,13,17.0,1018.0,18.33,0,
2014-10-20 17:00:00,3,13,17.0,1018.0,20.12,0,
2014-10-20 18:00:00,15,13,15.0,1020.0,0.45,0,
2014-10-20 19:00:00,0,13,15.0,1021.0,0.89,0,
2014-10-20 20:00:00,0,13,16.0,1022.0,2.68,0,
2014-10-20 21:00:00,15,13,15.0,1022.0,4.47,0,
2014-10-20 22:00:00,8,10,15.0,1023.0,7.6,0,
2014-10-20 23:00:00,19,9,14.0,1023.0,9.39,0,
2014-10-21 00:00:00,11,7,14.0,1024.0,12.52,0,
2014-10-21 01:00:00,5,7,13.0,1024.0,14.31,0,
2014-10-21 02:00:00,14,6,13.0,1025.0,15.2,0,
2014-10-21 03:00:00,10,6,12.0,1024.0,16.09,0,
2014-10-21 04:00:00,17,3,12.0,1024.0,19.22,0,
2014-10-21 05:00:00,13,2,12.0,1024.0,20.11,0,
2014-10-21 06:00:00,5,1,12.0,1024.0,21.9,0,
2014-10-21 07:00:00,3,0,12.0,1025.0,25.03,0,
2014-10-21 08:00:00,12,-2,13.0,1026.0,28.16,0,
2014-10-21 09:00:00,1,-3,13.0,1026.0,31.29,0,
2014-10-21 10:00:00,2,-2,13.0,1026.0,34.42,0,
2014-10-21 11:00:00,4,-3,13.0,1026.0,37.55,0,
2014-10-21 12:00:00,15,-4,14.0,1026.0,40.68,0,
2014-10-21 13:00:00,9,-3,14.0,1025.0,42.47,0,
2014-10-21 14:00:00,12,-3,15.0,1024.0,1.79,0,
2014-10-21 15:00:00,0,-4,15.0,1023.0,4.02,0,
2014-10-21 16:00:00,3,-3,15.0,1023.0,7.15,0,
2014-10-21 17:00:00,14,-3,13.0,1023.0,8.94,0,
2014-10-21 18:00:00,10,0,10.0,1023.0,0.89,0,
2014-10-21 19:00:00,17,3,9.0,1024.0,1.78,0,
2014-10-21 20:00:00,18,2,8.0,1024.0,0.89,0,
2014-10-21 21:00:00,17,3,7.0,1024.0,2.68,0,
2014-10-21 22:00:00,10,2,8.0,1025.0,4.47,0,
2014-10-21 23:00:00,2,3,6.0,1025.0,0.89,0,
2014-10-22 00:00:00,12,3,6.0,1025.0,0.89,0,
2014-10-22 01:00:00,5,3,7.0,1024.0,1.78,0,
2014-10-22 02:00:00,9,3,6.0,1024.0,2.67,0,
2014-10-22 03:00:00,16,4,7.0,1024.0,0.89,0,
2014-10-22 04:00:00,2,4,7.0,1024.0,0.89,0,
2014-10-22 05:00:00,7,3,8.0,1024.0,1.78,0,
2014-10-22 06:00:00,9,3,8.0,1024.0,2.67,0,
2014-10-22 07:00:00,5,3,8.0,1024.0,3.12,0,
2014-10-22 08:00:00,5,3,9.0,1025.0,4.01,0,
2014-10-22 09:00:00,18,2,10.0,1025.0,4.9,0,
2014-10-22 10:00:00,20,3,10.0,1024.0,5.79,0,
2014-10-22 11:00:00,20,4,11.0,1024.0,6.68,0,
2014-10-22 12:00:00,13,5,11.0,1023.0,1.79,0,
2014-10-22 13:00:00,9,6,12.0,1022.0,3.58,0,
2014-10-22 14:00:00,9,6,13.0,1021.0,6.71,0,
2014-10-22 15:00:00,19,6,13.0,1021.0,9.84,0,
2014-10-22 16:00:00,12,7,13.0,1020.0,11.63,0,
2014-10-22 17:00:00,0,7,12.0,1020.0,13.42,0,
2014-10-22 18:00:00,4,6,12.0,1020.0,1.79,0,
2014-10-22 19:00:00,7,7,12.0,1020.0,3.58,0,
2014-10-22 20:00:00,5,7,12.0,1020.0,0.89,0,
2014-10-22 21:00:00,11,7,12.0,1020.0,1.78,0,
2014-10-22 22:00:00,3,7,11.0,1020.0,2.23,0,
2014-10-22 23:00:00,19,7,12.0,1019.0,2.68,0,
2014-10-23 00:00:00,19,8,12.0,1019.0,0.89,0,
2014-10-23 01:00:00,1,8,11.0,1019.0,0.89,0,
2014-10-23 02:00:00,17,7,12.0,1018.0,0.89,0,
2014-10-23 03:00:00,6,7,11.0,1018.0,0.89,0,
2014-10-23 04:00:00,12,8,11.0,1017.0,0.89,0,
2014-10-23 05:00:00,8,8,11.0,1017.0,1.78,0,
2014-10-23 06:00:00,6,8,11.0,1017.0,0.89,0,
2014-10-23 07:00:00,15,8,12.0,1017.0,1.78,0,
2014-10-23 08:00:00,18,8,12.0,1017.0,1.79,0,
2014-10-23 09:00:00,18,7,13.0,1017.0,3.13,0,
2014-10-23 10:00:00,0,7,14.0,1016.0,1.79,0,
2014-10-23 11:00:00,9,7,15.0,1016.0,0.89,0,
2014-10-23 12:00:00,19,7,15.0,1015.0,1.78,0,
2014-10-23 13:00:00,5,7,16.0,1014.0,2.67,0,
2014-10-23 14:00:00,12,8,16.0,1013.0,3.56,0,
2014-10-23 15:00:00,8,8,16.0,1012.0,1.79,0,
2014-10-23 16:00:00,8,8,16.0,1012.0,3.58,0,
2014-10-23 17:00:00,16,8,14.0,1012.0,5.37,0,
2014-10-23 18:00:00,18,9,13.0,1012.0,0.45,0,
2014-10-23 19:00:00,20,9,12.0,1013.0,1.34,0,
2014-10-23 20:00:00,14,9,10.0,1013.0,2.23,0,
2014-10-23 21:00:00,16,9,9.0,1013.0,0.89,0,
2014-10-23 22:00:00,12,8,9.0,1013.0,1.78,0,
2014-10-23 23:00:00,20,8,9.0,1013.0,0.89,0,
2014-10-24 00:00:00,14,8,9.0,1012.0,0.89,0,
2014-10-24 01:00:00,6,9,10.0,1012.0,0.89,0,
2014-10-24 02:00:00,1,8,9.0,1012.0,1.79,0,
2014-10-24 03:00:00,16,8,9.0,1012.0,3.58,0,
2014-10-24 04:00:00,18,8,8.0,1012.0,5.37,0,
2014-10-24 05:00:00,11,7,8.0,1012.0,7.16,0,
2014-10-24 06:00:00,8,7,8.0,1012.0,8.95,0,
2014-10-24 07:00:00,12,7,8.0,1012.0,10.74,0,
2014-10-24 08:00:00,0,8,10.0,1012.0,12.53,0,
2014-10-24 09:00:00,2,9,12.0,1013.0,15.66,0,
2014-10-24 10:00:00,4,10,14.0,1013.0,18.79,0,
2014-10-24 11:00:00,19,11,16.0,1012.0,0.89,0,
2014-10-24 12:00:00,17,12,17.0,1011.0,1.78,0,
2014-10-24 13:00:00,20,12,17.0,1010.0,2.67,0,
2014-10-24 14:00:00,10,12,18.0,1010.0,1.79,0,
2014-10-24 15:00:00,9,12,17.0,1009.0,3.58,0,
2014-10-24 16:00:00,13,12,17.0,1009.0,5.37,0,
2014-10-24 17:00:00,19,12,15.0,1010.0,6.26,0,
2014-10-24 18:00:00,18,11,13.0,1011.0,0.89,0,
2014-10-24 19:00:00,10,12,13.0,1011.0,0.45,0,
2014-10-24 20:00:00,10,11,12.0,1011.0,0.89,0,
2014-10-24 21:00:00,18,10,10.0,1012.0,0.89,0,
2014-10-24 22:00:00,13,10,11.0,1011.0,0.89,0,
2014-10-24 23:00:00,8,10,11.0,1011.0,0.45,0,
2014-10-25 00:00:00,4,10,11.0,1012.0,0.9,0,
2014-10-25 01:00:00,11,10,10.0,1012.0,1.79,0,
2014-10-25 02:00:00,8,9,10.0,1012.0,3.58,0,
2014-10-25 03:00:00,6,10,10.0,1011.0,0.89,0,
2014-10-25 04:00:00,12,9,9.0,1011.0,1.79,0,
2014-10-25 05:00:00,6,8,8.0,1011.0,3.58,0,
2014-10-25 06:00:00,19,8,9.0,1011.0,5.37,0,
2014-10-25 07:00:00,12,10,10.0,1011.0,7.16,0,
2014-10-25 08:00:00,6,11,12.0,1012.0,10.29,0,
2014-10-25 09:00:00,7,11,13.0,1012.0,12.08,0,
2014-10-25 10:00:00,12,12,14.0,1012.0,13.87,0,
2014-10-25 11:00:00,10,13,16.0,1012.0,0.89,0,
2014-10-25 12:00:00,11,12,17.0,1011.0,1.78,0,
2014-10-25 13:00:00,6,13,18.0,1011.0,1.79,0,
2014-10-25 14:00:00,15,13,19.0,1010.0,3.58,0,
2014-10-25 15:00:00,10,13,19.0,1010.0,5.37,0,
2014-10-25 16:00:00,5,13,19.0,1010.0,7.16,0,
2014-10-25 17:00:00,18,13,17.0,1010.0,8.05,0,
2014-10-25 18:00:00,7,13,15.0,1011.0,0.89,0,
2014-10-25 19:00:00,11,12,13.0,1011.0,0.89,0,
2014-10-25 20:00:00,9,14,15.0,1012.0,2.68,0,
2014-10-25 21:00:00,12,12,13.0,1012.0,0.89,0,
2014-10-25 22:00:00,20,12,12.0,1013.0,1.78,0,
2014-10-25 23:00:00,1,13,13.0,1014.0,2.67,0,
2014-10-26 00:00:00,12,13,13.0,1014.0,1.79,0,
2014-10-26 01:00:00,15,13,13.0,1015.0,3.58,0,
2014-10-26 02:00:00,18,12,12.0,1016.0,6.71,0,
2014-10-26 03:00:00,12,10,10.0,1016.0,10.73,0,
2014-10-26 04:00:00,3,9,11.0,1017.0,1.79,0,
2014-10-26 05:00:00,13,3,14.0,1019.0,4.02,0,
2014-10-26 06:00:00,8,0,14.0,1020.0,9.83,0,
2014-10-26 07:00:00,7,-2,14.0,1022.0,7.15,0,
2014-10-26 08:00:00,14,-4,14.0,1025.0,12.96,0,
2014-10-26 09:00:00,14,-4,14.0,1026.0,20.11,0,
2014-10-26 10:00:00,9,-8,15.0,1027.0,28.16,0,
2014-10-26 11:00:00,15,-9,16.0,1027.0,35.31,0,
2014-10-26 12:00:00,19,-12,16.0,1027.0,43.36,0,
2014-10-26 13:00:00,3,-11,16.0,1026.0,49.17,0,
2014-10-26 14:00:00,15,-13,17.0,1026.0,54.09,0,
2014-10-26 15:00:00,20,-11,18.0,1026.0,58.11,0,
2014-10-26 16:00:00,10,-14,17.0,1026.0,62.13,0,
2014-10-26 17:00:00,7,-12,16.0,1026.0,65.26,0,
2014-10-26 18:00:00,8,-12,14.0,1027.0,68.39,0,
2014-10-26 19:00:00,12,-13,14.0,1027.0,72.41,0,
2014-10-26 20:00:00,6,-13,13.0,1028.0,4.92,0,
2014-10-26 21:00:00,17,-13,12.0,1029.0,4.02,0,
2014-10-26 22:00:00,19,-12,9.0,1030.0,7.15,0,
2014-10-26 23:00:00,18,-13,10.0,1031.0,11.17,0,
2014-10-27 00:00:00,17,-14,11.0,1031.0,15.19,0,
2014-10-27 01:00:00,20,-15,10.0,1032.0,19.21,0,
2014-10-27 02:00:00,16,-13,9.0,1032.0,22.34,0,
2014-10-27 03:00:00,7,-13,9.0,1032.0,25.47,0,
2014-10-27 04:00:00,2,-11,8.0,1032.0,27.26,0,
2014-10-27 05:00:00,20,-9,6.0,1032.0,0.89,0,
2014-10-27 06:00:00,0,-5,3.0,1033.0,1.34,0,
2014-10-27 07:00:00,11,-5,3.0,1033.0,2.23,0,
2014-10-27 08:00:00,13,-7,8.0,1034.0,3.12,0,
2014-10-27 09:00:00,14,-10,10.0,1034.0,4.01,0,
2014-10-27 10:00:00,19,-9,11.0,1034.0,5.8,0,
2014-10-27 11:00:00,6,-11,13.0,1034.0,7.59,0,
2014-10-27 12:00:00,16,-9,13.0,1033.0,3.13,0,
2014-10-27 13:00:00,8,-10,14.0,1032.0,7.15,0,
2014-10-27 14:00:00,20,-9,14.0,1031.0,10.28,0,
2014-10-27 15:00:00,19,-7,15.0,1030.0,14.3,0,
2014-10-27 16:00:00,12,-5,14.0,1030.0,17.43,0,
2014-10-27 17:00:00,0,-6,13.0,1029.0,20.56,0,
2014-10-27 18:00:00,10,-6,11.0,1030.0,23.69,0,
2014-10-27 19:00:00,2,-6,11.0,1030.0,27.71,0,
2014-10-27 20:00:00,12,-4,10.0,1030.0,30.84,0,
2014-10-27 21:00:00,10,-2,9.0,1030.0,33.97,0,
2014-10-27 22:00:00,16,0,8.0,1030.0,35.76,0,
2014-10-27 23:00:00,0,1,5.0,1030.0,0.89,0,
2014-10-28 00:00:00,9,1,5.0,1030.0,1.79,0,
2014-10-28 01:00:00,19,0,5.0,1030.0,0.89,0,
2014-10-28 02:00:00,1,1,5.0,1029.0,0.89,0,
2014-10-28 03:00:00,5,1,5.0,1029.0,0.89,0,
2014-10-28 04:00:00,9,0,4.0,1029.0,0.89,0,
2014-10-28 05:00:00,19,0,3.0,1029.0,1.78,0,
2014-10-28 06:00:00,5,1,3.0,1029.0,0.89,0,
2014-10-28 07:00:00,16,1,3.0,1029.0,1.78,0,
2014-10-28 08:00:00,5,3,6.0,1029.0,2.67,0,
2014-10-28 09:00:00,3,1,8.0,1029.0,0.89,0,
2014-10-28 10:00:00,0,2,10.0,1029.0,1.78,0,
2014-10-28 11:00:00,11,3,11.0,1028.0,2.67,0,
2014-10-28 12:00:00,10,3,13.0,1027.0,4.46,0,
2014-10-28 13:00:00,18,3,14.0,1026.0,6.25,0,
2014-10-28 14:00:00,15,2,14.0,1025.0,3.13,0,
2014-10-28 15:00:00,3,2,14.0,1025.0,3.13,0,
2014-10-28 16:00:00,0,2,14.0,1025.0,1.79,0,
2014-10-28 17:00:00,10,2,14.0,1024.0,4.92,0,
2014-10-28 18:00:00,1,2,13.0,1025.0,8.05,0,
2014-10-28 19:00:00,4,2,14.0,1025.0,11.18,0,
2014-10-28 20:00:00,7,3,12.0,1025.0,0.89,0,
2014-10-28 21:00:00,11,5,10.0,1025.0,0.89,0,
2014-10-28 22:00:00,9,5,10.0,1025.0,1.78,0,
2014-10-28 23:00:00,16,6,9.0,1025.0,2.67,0,
2014-10-29 00:00:00,13,5,8.0,1025.0,0.89,0,
2014-10-29 01:00:00,1,5,8.0,1025.0,0.89,0,
2014-10-29 02:00:00,14,6,7.0,1025.0,1.34,0,
2014-10-29 03:00:00,19,5,7.0,1024.0,2.23,0,
2014-10-29 04:00:00,16,5,6.0,1024.0,0.89,0,
2014-10-29 05:00:00,8,4,5.0,1024.0,1.78,0,
2014-10-29 06:00:00,15,5,6.0,1024.0,3.57,0,
2014-10-29 07:00:00,16,4,6.0,1025.0,5.36,0,
2014-10-29 08:00:00,14,5,8.0,1025.0,7.15,0,
2014-10-29 09:00:00,7,6,10.0,1025.0,8.94,0,
2014-10-29 10:00:00,4,5,12.0,1025.0,10.73,0,
2014-10-29 11:00:00,3,4,14.0,1025.0,0.89,0,
2014-10-29 12:00:00,13,4,15.0,1024.0,1.78,0,
2014-10-29 13:00:00,14,4,16.0,1024.0,2.67,0,
2014-10-29 14:00:00,6,4,16.0,1023.0,4.46,0,
2014-10-29 15:00:00,4,4,16.0,1023.0,5.35,0,
2014-10-29 16:00:00,15,4,15.0,1023.0,1.79,0,
2014-10-29 17:00:00,20,6,14.0,1023.0,0.89,0,
2014-10-29 18:00:00,11,7,12.0,1023.0,0.89,0,
2014-10-29 19:00:00,11,7,11.0,1023.0,1.78,0,
2014-10-29 20:00:00,17,7,11.0,1023.0,2.67,0,
2014-10-29 21:00:00,8,7,11.0,1023.0,3.56,0,
2014-10-29 22:00:00,4,7,12.0,1024.0,0.45,0,
2014-10-29 23:00:00,14,8,11.0,1024.0,0.89,0,
2014-10-30 00:00:00,19,7,11.0,1023.0,1.78,0,
2014-10-30 01:00:00,15,7,11.0,1023.0,2.67,0,
2014-10-30 02:00:00,18,7,11.0,1023.0,3.56,0,
2014-10-30 03:00:00,18,6,11.0,1023.0,0.89,0,
2014-10-30 04:00:00,6,7,10.0,1022.0,1.79,0,
2014-10-30 05:00:00,18,7,10.0,1022.0,1.79,0,
2014-10-30 06:00:00,3,8,10.0,1022.0,0.45,0,
2014-10-30 07:00:00,6,8,10.0,1023.0,0.9,0,
2014-10-30 08:00:00,14,8,11.0,1024.0,1.35,0,
2014-10-30 09:00:00,11,7,12.0,1024.0,1.79,0,
2014-10-30 10:00:00,18,7,12.0,1024.0,2.68,0,
2014-10-30 11:00:00,3,6,13.0,1024.0,0.89,0,
2014-10-30 12:00:00,6,6,14.0,1023.0,1.78,0,
2014-10-30 13:00:00,1,7,14.0,1022.0,0.89,0,
2014-10-30 14:00:00,5,7,15.0,1022.0,0.89,0,
2014-10-30 15:00:00,2,6,15.0,1021.0,1.79,0,
2014-10-30 16:00:00,11,6,15.0,1021.0,0.89,0,
2014-10-30 17:00:00,12,7,14.0,1021.0,1.34,0,
2014-10-30 18:00:00,15,8,13.0,1022.0,1.79,0,
2014-10-30 19:00:00,16,8,12.0,1022.0,2.68,0,
2014-10-30 20:00:00,6,8,13.0,1022.0,1.79,0,
2014-10-30 21:00:00,20,8,12.0,1023.0,0.89,0,
2014-10-30 22:00:00,13,8,12.0,1023.0,1.78,0,
2014-10-30 23:00:00,0,9,12.0,1023.0,2.67,0,
2014-10-31 00:00:00,16,10,11.0,1022.0,0.89,0,
2014-10-31 01:00:00,3,9,11.0,1022.0,0.89,0,
2014-10-31 02:00:00,2,8,12.0,1022.0,0.89,0,
2014-10-31 03:00:00,6,9,11.0,1022.0,0.89,0,
2014-10-31 04:00:00,4,9,11.0,1021.0,0.89,0,
2014-10-31 05:00:00,5,9,11.0,1021.0,0.89,0,
2014-10-31 06:00:00,14,9,11.0,1021.0,0.89,0,
2014-10-31 07:00:00,12,9,12.0,1021.0,0.89,0,
2014-10-31 08:00:00,1,10,12.0,1022.0,1.78,0,
2014-10-31 09:00:00,12,10,14.0,1022.0,0.89,0,
2014-10-31 10:00:00,18,10,14.0,1022.0,2.68,0,
2014-10-31 11:00:00,17,10,14.0,1021.0,3.57,0,
2014-10-31 12:00:00,17,10,15.0,1021.0,1.79,0,
2014-10-31 13:00:00,9,10,15.0,1020.0,3.58,0,
2014-10-31 14:00:00,5,10,15.0,1019.0,5.37,0,
2014-10-31 15:00:00,12,9,15.0,1019.0,7.16,0,
2014-10-31 16:00:00,11,9,15.0,1019.0,8.95,0,
2014-10-31 17:00:00,18,10,14.0,1018.0,0.89,0,
2014-10-31 18:00:00,1,9,14.0,1019.0,1.78,0,
2014-10-31 19:00:00,17,9,13.0,1019.0,2.67,0,
2014-10-31 20:00:00,5,10,13.0,1019.0,3.56,0,
2014-10-31 21:00:00,15,10,14.0,1020.0,1.79,0,
2014-10-31 22:00:00,19,10,14.0,1020.0,4.92,0,
2014-10-31 23:00:00,10,10,13.0,1019.0,6.71,0,
2014-11-01 00:00:00,6,10,13.0,1019.0,1.79,0,
2014-11-01 01:00:00,7,8,9.0,1019.0,0.89,0,
2014-11-01 02:00:00,8,8,9.0,1019.0,1.34,0,
2014-11-01 03:00:00,13,8,8.0,1019.0,1.79,0,
2014-11-01 04:00:00,1,6,6.0,1019.0,0.89,0,
2014-11-01 05:00:00,5,4,4.0,1019.0,1.79,0,
2014-11-01 06:00:00,12,5,6.0,1019.0,0.89,0,
2014-11-01 07:00:00,7,5,5.0,1020.0,0.89,0,
2014-11-01 08:00:00,19,6,8.0,1020.0,1.78,0,
2014-11-01 09:00:00,12,6,11.0,1020.0,2.67,0,
2014-11-01 10:00:00,20,2,14.0,1021.0,4.92,0,
2014-11-01 11:00:00,16,-2,15.0,1020.0,12.97,0,
2014-11-01 12:00:00,13,-6,15.0,1020.0,20.12,0,
2014-11-01 13:00:00,9,-6,15.0,1019.0,25.93,0,
2014-11-01 14:00:00,14,-7,16.0,1018.0,31.74,0,
2014-11-01 15:00:00,13,-7,16.0,1018.0,37.55,0,
2014-11-01 16:00:00,15,-9,15.0,1018.0,44.7,0,
2014-11-01 17:00:00,13,-8,15.0,1018.0,50.51,0,
2014-11-01 18:00:00,7,-7,14.0,1018.0,56.32,0,
2014-11-01 19:00:00,17,-6,14.0,1019.0,61.24,0,
2014-11-01 20:00:00,4,-5,14.0,1019.0,65.26,0,
2014-11-01 21:00:00,20,-5,13.0,1020.0,69.28,0,
2014-11-01 22:00:00,8,-7,13.0,1021.0,77.33,0,
2014-11-01 23:00:00,1,-8,12.0,1021.0,88.51,0,
2014-11-02 00:00:00,3,-10,11.0,1022.0,98.34,0,
2014-11-02 01:00:00,5,-10,10.0,1022.0,106.39,0,
2014-11-02 02:00:00,12,-11,10.0,1022.0,113.54,0,
2014-11-02 03:00:00,9,-12,9.0,1022.0,120.69,0,
2014-11-02 04:00:00,17,-11,9.0,1022.0,130.52,0,
2014-11-02 05:00:00,12,-11,9.0,1023.0,138.57,0,
2014-11-02 06:00:00,14,-10,8.0,1023.0,147.51,0,
2014-11-02 07:00:00,6,-9,9.0,1024.0,153.32,0,
2014-11-02 08:00:00,18,-8,10.0,1025.0,159.13,0,
2014-11-02 09:00:00,11,-9,11.0,1026.0,164.05,0,
2014-11-02 10:00:00,18,-10,11.0,1025.0,171.2,0,
2014-11-02 11:00:00,4,-10,12.0,1025.0,177.01,0,
2014-11-02 12:00:00,2,-10,14.0,1024.0,184.16,0,
2014-11-02 13:00:00,14,-12,14.0,1023.0,193.99,0,
2014-11-02 14:00:00,4,-12,14.0,1022.0,202.93,0,
2014-11-02 15:00:00,4,-12,15.0,1022.0,210.08,0,
2014-11-02 16:00:00,16,-12,15.0,1022.0,218.13,0,
2014-11-02 17:00:00,14,-12,14.0,1022.0,223.94,0,
2014-11-02 18:00:00,12,-11,13.0,1022.0,229.75,0,
2014-11-02 19:00:00,15,-11,12.0,1022.0,234.67,0,
2014-11-02 20:00:00,0,-11,12.0,1022.0,238.69,0,
2014-11-02 21:00:00,15,-7,8.0,1023.0,240.48,0,
2014-11-02 22:00:00,20,-5,5.0,1022.0,0.89,0,
2014-11-02 23:00:00,8,-4,5.0,1022.0,1.78,0,
2014-11-03 00:00:00,15,-3,3.0,1022.0,2.67,0,
2014-11-03 01:00:00,9,-3,3.0,1022.0,3.12,0,
2014-11-03 02:00:00,7,-5,4.0,1022.0,4.91,0,
2014-11-03 03:00:00,7,-3,3.0,1022.0,0.89,0,
2014-11-03 04:00:00,14,-3,3.0,1022.0,0.45,0,
2014-11-03 05:00:00,12,-4,1.0,1022.0,3.13,0,
2014-11-03 06:00:00,4,-3,0.0,1022.0,0.89,0,
2014-11-03 07:00:00,3,-3,0.0,1022.0,1.78,0,
2014-11-03 08:00:00,4,-1,5.0,1023.0,1.79,0,
2014-11-03 09:00:00,18,-4,10.0,1023.0,0.89,0,
2014-11-03 10:00:00,7,-6,13.0,1022.0,1.79,0,
2014-11-03 11:00:00,18,-5,15.0,1022.0,1.79,0,
2014-11-03 12:00:00,17,-5,17.0,1021.0,3.58,0,
2014-11-03 13:00:00,18,-7,18.0,1019.0,3.13,0,
2014-11-03 14:00:00,12,-8,19.0,1018.0,6.26,0,
2014-11-03 15:00:00,7,-8,20.0,1018.0,9.39,0,
2014-11-03 16:00:00,3,-8,20.0,1018.0,12.52,0,
2014-11-03 17:00:00,3,-8,20.0,1018.0,15.65,0,
2014-11-03 18:00:00,19,-8,20.0,1018.0,18.78,0,
2014-11-03 19:00:00,7,-5,14.66666667,1018.0,0.89,0,
2014-11-03 20:00:00,3,1,9.333333332999999,1018.0,1.78,0,
2014-11-03 21:00:00,7,0,4.0,1017.0,2.67,0,
2014-11-03 22:00:00,16,0,4.0,1017.0,3.56,0,
2014-11-03 23:00:00,16,0,4.0,1017.0,4.45,0,
2014-11-04 00:00:00,5,0,4.0,1017.0,5.34,0,
2014-11-04 01:00:00,13,0,4.0,1017.0,6.23,0,
2014-11-04 02:00:00,4,-1,2.0,1017.0,1.79,0,
2014-11-04 03:00:00,20,0,2.0,1016.0,2.68,0,
2014-11-04 04:00:00,18,0,2.0,1016.0,0.45,0,
2014-11-04 05:00:00,9,0,1.0,1016.0,0.9,0,
2014-11-04 06:00:00,5,-1,1.0,1016.0,1.79,0,
2014-11-04 07:00:00,20,0,1.0,1016.0,2.68,0,
2014-11-04 08:00:00,3,1,3.0,1017.0,0.89,0,
2014-11-04 09:00:00,15,0,7.0,1017.0,0.89,0,
2014-11-04 10:00:00,11,-1,10.0,1017.0,1.79,0,
2014-11-04 11:00:00,14,-1,11.0,1017.0,3.58,0,
2014-11-04 12:00:00,9,0,13.0,1016.0,5.37,0,
2014-11-04 13:00:00,9,-1,14.0,1015.0,8.5,0,
2014-11-04 14:00:00,15,-1,15.0,1014.0,12.52,0,
2014-11-04 15:00:00,10,0,15.0,1014.0,3.13,0,
2014-11-04 16:00:00,8,0,15.0,1013.0,4.02,0,
2014-11-04 17:00:00,13,1,12.0,1013.0,0.45,0,
2014-11-04 18:00:00,10,3,8.0,1014.0,1.34,0,
2014-11-04 19:00:00,2,3,7.0,1015.0,2.23,0,
2014-11-04 20:00:00,11,3,6.0,1015.0,0.89,0,
2014-11-04 21:00:00,0,3,5.0,1015.0,0.89,0,
2014-11-04 22:00:00,20,2,5.0,1016.0,1.78,0,
2014-11-04 23:00:00,6,2,4.0,1016.0,2.67,0,
2014-11-05 00:00:00,1,1,4.0,1016.0,3.13,0,
2014-11-05 01:00:00,9,1,4.0,1016.0,0.89,0,
2014-11-05 02:00:00,13,2,3.0,1017.0,1.79,0,
2014-11-05 03:00:00,10,0,3.0,1016.0,4.02,0,
2014-11-05 04:00:00,13,0,4.0,1016.0,0.89,0,
2014-11-05 05:00:00,9,-1,2.0,1016.0,1.79,0,
2014-11-05 06:00:00,6,-1,3.0,1016.0,4.92,0,
2014-11-05 07:00:00,8,-1,3.0,1017.0,6.71,0,
2014-11-05 08:00:00,7,2,5.0,1018.0,8.5,0,
2014-11-05 09:00:00,15,3,10.0,1018.0,10.29,0,
2014-11-05 10:00:00,7,-2,14.0,1018.0,0.89,0,
2014-11-05 11:00:00,8,-4,17.0,1018.0,1.79,0,
2014-11-05 12:00:00,12,-8,19.0,1017.0,7.6,0,
2014-11-05 13:00:00,17,-8,20.0,1016.0,14.75,0,
2014-11-05 14:00:00,15,-9,20.0,1016.0,22.8,0,
2014-11-05 15:00:00,18,-8,20.0,1016.0,29.95,0,
2014-11-05 16:00:00,5,-8,20.0,1016.0,37.1,0,
2014-11-05 17:00:00,9,-8,19.0,1016.0,41.12,0,
2014-11-05 18:00:00,7,-8,18.0,1017.0,46.93,0,
2014-11-05 19:00:00,9,-5,15.0,1019.0,50.95,0,
2014-11-05 20:00:00,14,-7,13.0,1020.0,4.02,0,
2014-11-05 21:00:00,20,-7,14.0,1022.0,4.92,0,
2014-11-05 22:00:00,1,-6,10.0,1023.0,8.05,0,
2014-11-05 23:00:00,14,-7,7.0,1024.0,1.79,0,
2014-11-06 00:00:00,5,-7,7.0,1025.0,4.02,0,
2014-11-06 01:00:00,13,-7,5.0,1025.0,8.04,0,
2014-11-06 02:00:00,20,-8,7.0,1026.0,9.83,0,
2014-11-06 03:00:00,11,-7,4.0,1026.0,11.62,0,
2014-11-06 04:00:00,7,-7,5.0,1027.0,3.13,0,
2014-11-06 05:00:00,16,-8,7.0,1028.0,4.92,0,
2014-11-06 06:00:00,6,-8,7.0,1029.0,8.94,0,
2014-11-06 07:00:00,0,-7,6.0,1029.0,13.86,0,
2014-11-06 08:00:00,5,-6,8.0,1031.0,18.78,0,
2014-11-06 09:00:00,10,-8,9.0,1032.0,24.59,0,
2014-11-06 10:00:00,0,-8,9.0,1032.0,29.51,0,
2014-11-06 11:00:00,4,-9,10.0,1032.0,35.32,0,
2014-11-06 12:00:00,2,-12,10.0,1031.0,41.13,0,
2014-11-06 13:00:00,3,-14,11.0,1030.0,46.05,0,
2014-11-06 14:00:00,10,-16,11.0,1029.0,51.86,0,
2014-11-06 15:00:00,11,-15,12.0,1029.0,55.88,0,
2014-11-06 16:00:00,20,-17,12.0,1029.0,59.01,0,
2014-11-06 17:00:00,3,-13,9.0,1030.0,59.9,0,
2014-11-06 18:00:00,4,-8,5.0,1030.0,0.89,0,
2014-11-06 19:00:00,1,-7,5.0,1031.0,1.78,0,
2014-11-06 20:00:00,11,-5,4.0,1031.0,2.67,0,
2014-11-06 21:00:00,1,-4,4.0,1032.0,0.89,0,
2014-11-06 22:00:00,2,-5,2.0,1033.0,0.89,0,
2014-11-06 23:00:00,1,-3,2.0,1033.0,0.89,0,
2014-11-07 00:00:00,8,-3,2.0,1033.0,1.78,0,
2014-11-07 01:00:00,16,-4,2.0,1033.0,0.89,0,
2014-11-07 02:00:00,15,-5,3.0,1032.0,1.78,0,
2014-11-07 03:00:00,16,-5,0.0,1032.0,2.67,0,
2014-11-07 04:00:00,18,-4,1.0,1032.0,3.56,0,
2014-11-07 05:00:00,17,-3,0.0,1032.0,0.89,0,
2014-11-07 06:00:00,2,-4,0.0,1032.0,0.89,0,
2014-11-07 07:00:00,20,-4,1.0,1033.0,1.78,0,
2014-11-07 08:00:00,10,-4,1.0,1033.0,0.89,0,
